<!-- This file contain patch Metadata -->
<results md5_sum="73d3cc975ed7255725e762881f7b51d5">
  <generated_date in_epoch_ms="1503677464000">2017-08-25 16:11:04</generated_date>
  <patch has_prereqs="n" has_postreqs="n" is_system_patch="n"> 
    <bug> 
      <number>22896578</number>
      <abstract><![CDATA[IMPDP FAILS WITH ORA-39083 IF THERE IS A TABLE WHICH HAS IDENTITY COLUMN.]]></abstract>
    </bug> 
    <name>22896578</name>
    <type>Patch</type>
    <status>Available</status>
    <access id="m">Open access</access> 
    <url> 
      <patch_readme host="https://updates.oracle.com"><![CDATA[/Orion/Services/download?type=readme&aru=21472992]]></patch_readme> 
      <patch_details><![CDATA[/download/22896578.html]]></patch_details>
    </url> 
    <request_id>21472992</request_id>
    <product id="9480" bugdb_id="5"><![CDATA[Oracle Database Family]]></product> 
    <release id="600000000009300" name="12.1.0.2.0" platform_patch_not_required="N" cc="Y"><![CDATA[Oracle 12.1.0.2.0]]></release> 
    <platform id="2000" bugdb_id="289"><![CDATA[Generic Platform]]></platform> 
    <language id="0" iso_code="EN"><![CDATA[American English]]></language> 
    <translations_available>No</translations_available> 
    <classification id="174">General</classification> 
    <patch_classification id="174">General</patch_classification> 
    <support_level id="G">General Support</support_level> 
    <entitlements> 
      <entitlement code="SW"/> 
    </entitlements> 
    <fixes_bugs truncated="no"> 
      <bug> 
        <number>22896578</number>
        <abstract><![CDATA[IMPDP FAILS WITH ORA-39083 IF THERE IS A TABLE WHICH HAS IDENTITY COLUMN.]]></abstract>
      </bug> 
    </fixes_bugs> 
    <size>310515</size>
    <files> 
      <file> 
        <name>p22896578_121020_Generic.zip</name>
        <size>310515</size>
        <download_url host="https://updates.oracle.com"><![CDATA[/Orion/Services/download/p22896578_121020_Generic.zip?aru=21472992&patch_file=p22896578_121020_Generic.zip]]></download_url> 
        <digest type="MD5">719D8453E1AE22E8C325A75B8CC1B51E</digest> 
        <digest type="SHA-1">0E09CAB5724264B884ECE4302FF497B6CC879115</digest> 
        <digest type="SHA-256">FDB3D6E7344A7E465F97F9F995A1352831156A0B92295C506C42089DEE69180A</digest> 
      </file> 
    </files> 
    <downloads_count>0</downloads_count>
    <updated_date in_epoch_ms="1503677429000">2017-08-25 16:10:29</updated_date> 
    <released_date in_epoch_ms="0"></released_date> 
  </patch> 
</results>
