<?xml version="1.0" encoding="utf-8"?>
<sqlPatch ID="22896578" uniquePatchID="21472992" applicationPatch="NO" bundle="NO" jvm="NO" bundleSeries="NONE" bundleID="0"   startupMode="normal" estimatedTime="5">
  <patchDescription>IMPDP FAILS WITH ORA-39083 IF THERE IS A TABLE WHICH HAS IDENTITY COLUMN.</patchDescription>
  <component>CATPROC</component>
  <sqlFiles>
    <file mode="apply,rollback" new="no" estimatedTime="5" component="CATPROC">rdbms/admin/dpload.sql</file>
  </sqlFiles>
</sqlPatch>
