<?xml version="1.0" encoding="UTF-8" standalone="no"?>
<oneoff_actions>
    <oracle.rdbms opt_req="O" version="12.1.0.2.0">
        <copy file_name="rdbms/admin/prvtmetd.plb" name="prvtmetd.plb" path="%ORACLE_HOME%/rdbms/admin"/>
    </oracle.rdbms>
    <oracle.rdbms.dbscripts opt_req="O" version="12.1.0.2.0">
        <copy file_name="rdbms/admin/catmetinsert.sql" name="catmetinsert.sql" path="%ORACLE_HOME%/rdbms/admin"/>
        <copy file_name="rdbms/admin/prvtmetd.plb" name="prvtmetd.plb" path="%ORACLE_HOME%/rdbms/admin"/>
        <onewaycopy file_name="sqlpatch/22896578/21472992/22896578_apply.sql" name="22896578_apply.sql" path="%ORACLE_HOME%/sqlpatch/22896578/21472992"/>
        <onewaycopy file_name="sqlpatch/22896578/21472992/22896578_rollback.sql" name="22896578_rollback.sql" path="%ORACLE_HOME%/sqlpatch/22896578/21472992"/>
        <onewaycopy file_name="sqlpatch/22896578/21472992/22896578.xml" name="22896578.xml" path="%ORACLE_HOME%/sqlpatch/22896578/21472992"/>
        <onewaycopy file_name="sqlpatch/22896578/21472992/rollback_files/rdbms/admin/dpload.sql" name="dpload.sql" path="%ORACLE_HOME%/sqlpatch/22896578/21472992/rollback_files/rdbms/admin"/>
        <onewaycopy file_name="sqlpatch/22896578/21472992/rollback_files/rdbms/admin/catnomta.sql" name="catnomta.sql" path="%ORACLE_HOME%/sqlpatch/22896578/21472992/rollback_files/rdbms/admin"/>
        <onewaycopy file_name="sqlpatch/22896578/21472992/rollback_files/rdbms/admin/catmetviews.sql" name="catmetviews.sql" path="%ORACLE_HOME%/sqlpatch/22896578/21472992/rollback_files/rdbms/admin"/>
        <onewaycopy file_name="sqlpatch/22896578/21472992/rollback_files/rdbms/admin/catmetviews_mig.sql" name="catmetviews_mig.sql" path="%ORACLE_HOME%/sqlpatch/22896578/21472992/rollback_files/rdbms/admin"/>
        <onewaycopy file_name="sqlpatch/22896578/21472992/rollback_files/rdbms/admin/catmetgrant1.sql" name="catmetgrant1.sql" path="%ORACLE_HOME%/sqlpatch/22896578/21472992/rollback_files/rdbms/admin"/>
        <onewaycopy file_name="sqlpatch/22896578/21472992/rollback_files/rdbms/admin/prvtdputh.plb" name="prvtdputh.plb" path="%ORACLE_HOME%/sqlpatch/22896578/21472992/rollback_files/rdbms/admin"/>
        <onewaycopy file_name="sqlpatch/22896578/21472992/rollback_files/rdbms/admin/catmetinsert.sql" name="catmetinsert.sql" path="%ORACLE_HOME%/sqlpatch/22896578/21472992/rollback_files/rdbms/admin"/>
        <onewaycopy file_name="sqlpatch/22896578/21472992/rollback_files/rdbms/admin/catmeta.sql" name="catmeta.sql" path="%ORACLE_HOME%/sqlpatch/22896578/21472992/rollback_files/rdbms/admin"/>
        <onewaycopy file_name="sqlpatch/22896578/21472992/rollback_files/rdbms/admin/catmetgrant2.sql" name="catmetgrant2.sql" path="%ORACLE_HOME%/sqlpatch/22896578/21472992/rollback_files/rdbms/admin"/>
        <onewaycopy file_name="sqlpatch/22896578/21472992/rollback_files/rdbms/admin/catnodp.sql" name="catnodp.sql" path="%ORACLE_HOME%/sqlpatch/22896578/21472992/rollback_files/rdbms/admin"/>
        <onewaycopy file_name="sqlpatch/22896578/21472992/rollback_files/rdbms/admin/catmettypes.sql" name="catmettypes.sql" path="%ORACLE_HOME%/sqlpatch/22896578/21472992/rollback_files/rdbms/admin"/>
    </oracle.rdbms.dbscripts>
</oneoff_actions>
