<?xml version="1.0" encoding="UTF-8" standalone="no"?>
<oneoff_inventory>
    <opack_version version="14.1.0.1.2"/>
    <patch_id number="22896578"/>
    <unique_patch_id>21472992</unique_patch_id>
    <cannot_autorollback>false</cannot_autorollback>
    <date_of_patch day="25" month="Aug" time="09:10:28 hrs" year="2017" zone="PST8PDT"/>
    <base_bugs>
        <bug description="IMPDP FAILS WITH ORA-39083 IF THERE IS A TABLE WHICH HAS IDENTITY COLUMN." number="22896578"/>
    </base_bugs>
    <required_components>
        <component internal_name="oracle.rdbms" opt_req="O" version="12.1.0.2.0"/>
        <component internal_name="oracle.rdbms.dbscripts" opt_req="O" version="12.1.0.2.0"/>
    </required_components>
    <os_platforms>
        <platform id="0" name="Generic Platform 1"/>
    </os_platforms>
    <executables/>
    <instance_shutdown>false</instance_shutdown>
    <instance_shutdown_message/>
    <online_rac_installable>false</online_rac_installable>
    <run_as_root>false</run_as_root>
    <sql_migrate>false</sql_migrate>
    <sql_patch>true</sql_patch>
    <sql_patch_database_startup_mode>normal</sql_patch_database_startup_mode>
    <wls_prereq_oneoffs/>
    <prereq_oneoffs/>
    <overlay_oneoffs/>
    <patch_type value="singleton"/>
    <patch_language value="en"/>
    <product_family value="db"/>
    <patching_model value="one-off"/>
    <auto>false</auto>
    <translatable>false</translatable>
</oneoff_inventory>
